lang,IQ,class,GS,SES,COMB,N
46,15,1,29,23,1,1
45,14.5,1,29,10,1,2
33,9.5,1,29,15,1,3
46,11,1,29,23,1,4
20,8,1,29,10,1,5
30,9.5,1,29,10,1,6
30,9.5,1,29,23,1,7
57,13,1,29,10,1,8
36,9.5,1,29,13,1,9
36,11,1,29,15,1,10
29,5.5,1,29,10,1,11
40,14,1,29,18,1,12
41,9,1,29,15,1,13
47,10.5,1,29,20,1,14
33,10,1,29,10,1,15
37,11,1,29,20,1,16
29,6.5,1,29,13,1,17
26,4,1,29,10,1,18
37,11,1,29,10,1,19
40,11,1,29,15,1,20
27,11,1,29,10,1,21
43,12.5,1,29,13,1,22
39,11.5,1,29,10,1,23
21,10,1,29,10,1,24
42,10,1,29,10,1,25
21,11.5,2,19,15,2,26
27,10.5,2,19,15,2,27
16,8,2,19,20,2,28
31,7.5,2,19,15,2,29
21,7.5,2,19,10,2,30
18,6.5,2,19,23,2,31
32,11.5,2,19,10,2,32
28,10.5,3,25,15,2,33
33,10.5,3,25,20,2,34
38,12.5,3,25,20,2,35
14,8,3,25,10,2,36
39,11,3,25,33,2,37
23,9.5,4,31,27,2,38
43,10.5,4,31,33,2,39
25,8.5,4,31,33,2,40
24,7.5,4,31,28,2,41
41,11,4,31,37,2,42
32,10.5,4,31,30,2,43
26,10.5,4,31,20,2,44
21,9.5,4,31,40,2,45
37,10,4,31,20,2,46
30,11.5,4,31,17,2,47
41,9.5,4,31,20,2,48
31,9,4,31,50,2,49
27,8,4,31,20,2,50
33,7.5,4,31,27,2,51
29,8.5,4,31,40,2,52
31,14,5,35,40,2,53
18,8.5,5,35,20,2,54
37,13,5,35,40,2,55
22,10.5,5,35,25,2,56
43,15,5,35,20,2,57
9,9,5,35,30,2,58
41,10,5,35,30,2,59
46,12,5,35,20,2,60
34,11,6,28,23,2,61
47,11,6,28,33,2,62
44,12.5,6,28,27,2,63
50,13,6,28,27,2,64
45,12.5,6,28,23,2,65
43,11,6,28,30,2,66
34,11.5,6,28,35,2,67
35,11,6,28,37,2,68
22,9.5,7,28,23,1,69
27,9.5,7,28,15,1,70
45,15,7,28,50,1,71
45,11.5,7,28,27,1,72
38,13,7,28,35,1,73
24,10.5,7,28,33,1,74
50,13,7,28,25,1,75
22,11,7,28,20,1,76
43,14,7,28,30,1,77
28,13.5,7,28,28,1,78
38,10.5,7,28,33,1,79
20,9.5,7,28,25,1,80
40,15.5,7,28,33,1,81
47,12,7,28,50,1,82
20,11,7,28,15,1,83
28,11,7,28,25,1,84
33,13,7,28,50,1,85
21,11.5,7,28,30,1,86
44,12.5,7,28,38,1,87
43,12,7,28,20,1,88
18,10,7,28,35,1,89
31,10.5,7,28,50,1,90
21,11.5,7,28,35,1,91
41,11,7,28,35,1,92
48,14.5,8,19,20,1,93
43,13,8,19,18,1,94
32,8.5,8,19,18,1,95
17,11.5,8,19,20,1,96
27,8.5,8,19,20,1,97
55,13,8,19,28,1,98
45,12.5,8,19,28,1,99
36,13.5,8,19,18,1,100
24,8,8,19,18,1,101
35,9,8,19,18,1,102
43,11.5,8,19,23,1,103
48,13,8,19,23,1,104
38,14.5,8,19,23,1,105
44,12,8,19,20,1,106
47,12,8,19,18,1,107
36,13.5,8,19,23,1,108
41,11.5,8,19,25,1,109
41,12,9,35,23,1,110
26,10,9,35,20,1,111
52,14,9,35,20,1,112
43,12.5,9,35,10,1,113
54,13,9,35,20,1,114
49,11.5,9,35,30,1,115
51,15.5,9,35,20,1,116
47,13.5,9,35,23,1,117
51,12,9,35,17,1,118
51,12,9,35,23,1,119
34,8.5,9,35,20,1,120
51,10.5,9,35,23,1,121
49,10,9,35,23,1,122
42,9,9,35,37,1,123
50,13,9,35,17,1,124
33,6.5,9,35,17,1,125
46,13.5,9,35,33,1,126
57,16.5,9,35,20,1,127
35,10.5,9,35,30,1,128
44,13.5,9,35,27,1,129
36,12,9,35,23,1,130
50,12.5,9,35,23,1,131
38,13,9,35,27,1,132
49,12,9,35,27,1,133
26,10.5,10,21,20,1,134
48,12,10,21,35,1,135
32,12.5,10,21,40,1,136
46,13,10,21,33,1,137
38,10,10,21,30,1,138
44,11,10,21,33,1,139
35,11,10,21,17,1,140
40,16.5,10,21,23,1,141
40,13,10,21,37,1,142
46,11.5,10,21,20,1,143
31,10,10,21,20,1,144
50,13.5,10,21,45,1,145
46,13.5,10,21,40,1,146
51,16.5,10,21,43,1,147
29,9,10,21,28,1,148
39,12,10,21,33,1,149
49,13.5,10,21,35,1,150
43,14,10,21,47,1,151
37,10,11,32,23,2,152
35,10.5,11,32,23,2,153
38,13,11,32,28,2,154
40,13,11,32,23,2,155
42,14,11,32,47,2,156
41,14.5,11,32,40,2,157
32,12,11,32,40,2,158
40,12.5,11,32,27,2,159
20,10.5,11,32,23,2,160
29,11,11,32,27,2,161
41,12.5,11,32,40,2,162
23,13,11,32,30,2,163
27,11.5,11,32,23,2,164
35,9.5,11,32,27,2,165
33,11.5,11,32,35,2,166
31,9.5,11,32,23,2,167
29,12,11,32,40,2,168
31,10,11,32,20,2,169
40,12,11,32,20,2,170
19,6.5,11,32,20,2,171
40,11,11,32,35,2,172
51,18,12,22,45,2,173
51,16,12,22,47,2,174
35,12,12,22,50,2,175
50,11.5,12,22,50,2,176
51,12,12,22,45,2,177
52,15.5,12,22,40,2,178
44,14,12,22,35,2,179
39,6,12,22,35,2,180
41,12.5,12,22,35,2,181
51,16.5,12,22,45,2,182
20,12,13,14,15,2,183
43,10,13,14,20,2,184
31,10,13,14,37,2,185
42,11,13,14,25,2,186
50,13,13,14,23,2,187
41,12,13,14,27,2,188
38,11,14,16,20,2,189
52,13,14,16,20,2,190
34,10.5,14,16,20,2,191
34,7,14,16,18,2,192
54,13,14,16,30,2,193
47,13,14,16,45,2,194
25,11,14,16,18,2,195
27,8,14,16,13,2,196
35,8,14,16,23,2,197
28,12,14,16,18,2,198
34,8.5,14,16,10,2,199
42,9.5,14,16,25,2,200
38,10.5,14,16,25,2,201
51,15.5,14,16,30,2,202
55,14.5,15,29,33,1,203
40,12,15,29,20,1,204
49,12,15,29,30,1,205
37,13,15,29,35,1,206
31,9.5,15,29,25,1,207
31,12,15,29,30,1,208
28,8.5,15,29,30,1,209
30,11,15,29,20,1,210
34,9.5,15,29,40,1,211
42,12.5,15,29,40,1,212
29,11,15,29,30,1,213
27,12,15,29,20,1,214
32,13,15,29,33,1,215
22,9.5,15,29,30,1,216
34,14.5,15,29,30,1,217
36,12.5,15,29,38,1,218
46,12.5,15,29,28,1,219
45,12.5,15,29,30,1,220
39,12.5,15,29,37,1,221
36,11,15,29,40,1,222
33,10.5,15,29,30,1,223
28,11,15,29,40,1,224
35,12,15,29,20,1,225
42,11,16,31,50,1,226
42,10,16,31,40,1,227
34,9.5,16,31,20,1,228
47,9.5,16,31,20,1,229
43,10,16,31,47,1,230
45,11,16,31,47,1,231
53,12,16,31,20,1,232
53,12,16,31,40,1,233
42,12,16,31,30,1,234
40,11,16,31,30,1,235
50,12.5,16,31,45,1,236
41,12.5,16,31,23,1,237
35,9,16,31,30,1,238
42,13,16,31,20,1,239
52,13,16,31,25,1,240
26,9,16,31,20,1,241
39,12,16,31,23,1,242
33,8,16,31,20,1,243
50,13.5,16,31,20,1,244
38,10,16,31,20,1,245
45,13.5,16,31,23,1,246
43,14.5,16,31,33,1,247
41,12,16,31,20,1,248
36,10.5,16,31,25,1,249
38,12,16,31,30,1,250
31,9.5,16,31,20,1,251
53,15.5,16,31,37,1,252
35,13.5,16,31,17,1,253
41,11.5,17,28,45,1,254
27,9,17,28,40,1,255
30,10,17,28,50,1,256
48,12.5,17,28,50,1,257
36,12,17,28,40,1,258
30,9.5,17,28,20,1,259
18,11.5,17,28,30,1,260
34,12.5,17,28,20,1,261
49,13,17,28,50,1,262
44,12.5,17,28,20,1,263
50,15.5,17,28,30,1,264
51,14,17,28,20,1,265
50,13.5,17,28,20,1,266
50,14,17,28,30,1,267
44,12,17,28,30,1,268
48,13,17,28,40,1,269
26,9.5,17,28,20,1,270
50,13.5,17,28,30,1,271
52,15,17,28,30,1,272
46,12.5,17,28,50,1,273
50,13.5,17,28,40,1,274
36,11,17,28,30,1,275
44,11,17,28,40,1,276
35,11.5,17,28,20,1,277
20,12.5,17,28,30,1,278
36,11,18,11,28,2,279
42,12.5,18,11,23,2,280
43,13,18,11,30,2,281
35,11.5,18,11,45,2,282
45,16.5,18,11,45,2,283
50,15.5,18,11,28,2,284
49,13.5,18,11,18,2,285
51,12.5,18,11,28,2,286
53,15,18,11,20,2,287
48,10,18,11,18,2,288
38,11.5,19,18,20,1,289
40,13,19,18,20,1,290
31,12.5,19,18,20,1,291
38,10.5,19,18,30,1,292
29,11,19,18,20,1,293
52,15,19,18,20,1,294
41,15,19,18,20,1,295
48,13,19,18,20,1,296
50,15.5,19,18,20,1,297
37,11.5,19,18,15,1,298
30,11,19,18,10,1,299
28,10,19,18,15,1,300
30,9.5,19,18,10,1,301
45,11.5,20,21,28,2,302
25,11.5,20,21,38,2,303
49,14.5,20,21,43,2,304
30,12,20,21,40,2,305
35,12.5,20,21,40,2,306
18,9.5,20,21,30,2,307
39,11,20,21,20,2,308
20,10,20,21,20,2,309
47,14.5,20,21,30,2,310
34,11,20,21,38,2,311
45,13,20,21,48,2,312
31,11.5,20,21,20,2,313
38,11.5,20,21,25,2,314
38,11.5,20,21,25,2,315
26,11,21,25,15,2,316
43,11.5,21,25,25,2,317
34,10.5,21,25,18,2,318
39,11.5,21,25,18,2,319
36,10.5,21,25,10,2,320
46,12.5,21,25,17,2,321
38,11,21,25,25,2,322
25,11,21,25,18,2,323
23,9.5,21,25,18,2,324
38,12.5,21,25,25,2,325
53,12.5,21,25,25,2,326
31,10,21,25,17,2,327
45,10.5,21,25,20,2,328
43,11.5,21,25,20,2,329
26,12,21,25,18,2,330
29,10.5,22,15,17,2,331
15,7,22,15,18,2,332
29,10,22,15,20,2,333
20,11,22,15,10,2,334
23,4.5,22,15,10,2,335
27,6,22,15,20,2,336
22,10,22,15,25,2,337
23,7.5,22,15,25,2,338
44,12.5,23,19,30,1,339
25,9,23,19,10,1,340
30,10.5,23,19,17,1,341
32,12,23,19,25,1,342
35,11,23,19,10,1,343
32,8.5,23,19,20,1,344
28,12,23,19,10,1,345
37,13.5,23,19,30,1,346
46,13,23,19,10,1,347
52,12.5,23,19,27,1,348
40,10,23,19,10,1,349
51,13,24,28,50,2,350
46,10.5,24,28,25,2,351
18,8,24,28,17,2,352
32,8.5,24,28,17,2,353
41,13.5,24,28,50,2,354
46,13.5,24,28,50,2,355
25,9,24,28,17,2,356
21,11,24,28,20,2,357
31,11.5,24,28,27,2,358
25,10.5,25,27,13,1,359
28,10.5,25,27,10,1,360
39,13.5,25,27,30,1,361
25,11,25,27,45,1,362
49,14.5,25,27,43,1,363
34,11,25,27,18,1,364
36,15.5,25,27,20,1,365
19,10.5,25,27,13,1,366
48,11,25,27,28,1,367
22,11.5,25,27,15,1,368
47,17,25,27,35,1,369
47,12.5,25,27,15,1,370
44,12,25,27,20,1,371
35,12,25,27,20,1,372
43,17,25,27,33,1,373
38,7,25,27,10,1,374
44,13.5,25,27,15,1,375
37,11.5,25,27,25,1,376
44,13,25,27,35,1,377
32,11,25,27,15,1,378
42,13.5,25,27,40,1,379
36,11,26,32,43,1,380
42,12.5,26,32,50,1,381
50,11.5,26,32,37,1,382
52,12,26,32,48,1,383
46,11,26,32,30,1,384
55,15.5,26,32,50,1,385
50,12.5,26,32,40,1,386
42,11.5,26,32,45,1,387
54,14.5,26,32,50,1,388
50,15.5,26,32,40,1,389
53,15,26,32,50,1,390
49,13,26,32,40,1,391
49,13.5,26,32,40,1,392
51,11.5,26,32,50,1,393
54,15.5,26,32,50,1,394
53,13.5,26,32,40,1,395
46,13,26,32,43,1,396
34,10.5,26,32,33,1,397
47,13,26,32,43,1,398
42,12,26,32,17,1,399
51,18,26,32,50,1,400
44,13,26,32,43,1,401
36,13,26,32,20,1,402
40,13.5,26,32,20,1,403
50,16.5,26,32,45,1,404
23,10.5,26,32,45,1,405
51,13,26,32,50,1,406
45,11.5,26,32,45,1,407
44,11.5,26,32,43,1,408
34,11.5,26,32,38,1,409
48,12,26,32,35,1,410
37,7,27,32,40,1,411
39,10.5,27,32,28,1,412
54,15.5,27,32,50,1,413
46,12.5,27,32,30,1,414
54,14.5,27,32,45,1,415
44,11,27,32,30,1,416
40,12.5,27,32,30,1,417
31,10,27,32,30,1,418
46,11,27,32,50,1,419
23,9.5,27,32,20,1,420
52,16,27,32,50,1,421
44,13.5,27,32,38,1,422
40,13,27,32,45,1,423
37,12.5,27,32,30,1,424
38,11.5,27,32,27,1,425
34,7,27,32,20,1,426
51,17.5,27,32,45,1,427
40,9.5,27,32,43,1,428
39,12,27,32,30,1,429
23,12.5,27,32,10,1,430
39,10.5,27,32,30,1,431
44,15.5,27,32,40,1,432
42,12.5,27,32,40,1,433
40,12,27,32,30,1,434
41,12,27,32,50,1,435
51,11,27,32,45,1,436
43,12.5,27,32,40,1,437
33,13,27,32,30,1,438
42,10.5,27,32,35,1,439
48,12,27,32,35,1,440
33,12,28,31,20,1,441
33,12,28,31,30,1,442
33,11.5,28,31,40,1,443
39,13,28,31,40,1,444
47,12,28,31,40,1,445
42,13,28,31,30,1,446
44,13.5,28,31,50,1,447
50,14,28,31,40,1,448
33,11.5,28,31,30,1,449
41,13,28,31,40,1,450
45,8.5,28,31,40,1,451
40,11,28,31,45,1,452
52,13,28,31,35,1,453
45,10.5,28,31,45,1,454
55,15,28,31,50,1,455
35,11.5,28,31,40,1,456
54,11.5,28,31,50,1,457
42,15.5,28,31,50,1,458
41,12,28,31,50,1,459
45,11,28,31,40,1,460
29,10,28,31,40,1,461
26,7.5,28,31,35,1,462
53,15.5,28,31,30,1,463
41,11,28,31,30,1,464
22,9.5,29,26,50,2,465
28,6,30,25,10,2,466
41,12.5,29,26,33,2,467
31,11.5,29,26,33,2,468
48,13.5,29,26,25,2,469
26,8,29,26,33,2,470
36,13,29,26,40,2,471
47,12,29,26,50,2,472
48,14,29,26,37,2,473
52,14,29,26,40,2,474
37,12,29,26,20,2,475
37,13.5,30,25,18,2,476
43,13,30,25,28,2,477
36,12,30,25,25,2,478
35,11.5,30,25,30,2,479
35,10.5,30,25,25,2,480
44,11.5,30,25,40,2,481
22,9,30,25,28,2,482
50,11.5,30,25,50,2,483
43,12,30,25,35,2,484
27,6,30,25,10,2,485
22,9.5,30,25,13,2,486
45,11.5,31,27,23,1,487
19,7.5,31,27,10,1,488
50,15,31,27,25,1,489
39,9,31,27,30,1,490
40,15,31,27,27,1,491
29,8,31,27,20,1,492
49,10,31,27,50,1,493
51,15,31,27,30,1,494
56,16,31,27,37,1,495
41,11.5,31,27,10,1,496
27,13,31,27,18,1,497
31,10.5,31,27,10,1,498
48,12.5,31,27,43,1,499
40,12,31,27,37,1,500
33,11,31,27,27,1,501
38,11.5,31,27,30,1,502
40,10,31,27,25,1,503
39,10.5,31,27,23,1,504
43,14.5,31,27,25,1,505
46,13.5,31,27,30,1,506
51,16,32,26,25,1,507
47,10.5,32,26,50,1,508
49,17.5,32,26,40,1,509
43,13.5,32,26,50,1,510
43,12.5,32,26,30,1,511
53,14.5,32,26,30,1,512
40,12,32,26,45,1,513
53,12.5,32,26,50,1,514
48,13.5,32,26,30,1,515
36,14,32,26,30,1,516
50,12,32,26,30,1,517
54,17.5,32,26,30,1,518
42,12,32,26,40,1,519
51,13,32,26,20,1,520
43,11.5,32,26,20,1,521
51,16,32,26,40,1,522
53,17.5,32,26,50,1,523
49,14.5,32,26,50,1,524
41,11.5,32,26,30,1,525
44,11.5,32,26,30,1,526
41,13,32,26,50,1,527
57,15,33,32,18,2,528
51,11,33,32,30,2,529
43,10,33,32,25,2,530
43,16,33,32,13,2,531
43,12.5,33,32,43,2,532
43,12,33,32,15,2,533
54,11.5,33,32,43,2,534
33,9.5,33,32,13,2,535
55,14.5,33,32,37,2,536
47,13.5,33,32,40,2,537
36,11.5,33,32,33,2,538
55,12.5,33,32,50,2,539
41,12,33,32,10,2,540
54,12,33,32,28,2,541
50,14.5,33,32,37,2,542
54,11.5,33,32,37,2,543
47,12,33,32,35,2,544
41,12,33,32,13,2,545
50,13.5,33,32,30,2,546
43,13.5,33,32,30,2,547
50,11.5,33,32,30,2,548
52,14.5,33,32,45,2,549
32,9,34,30,17,2,550
52,14,34,30,40,2,551
21,10.5,34,30,17,2,552
36,11,34,30,30,2,553
49,11,34,30,37,2,554
37,11,34,30,33,2,555
28,10.5,34,30,33,2,556
50,16.5,34,30,37,2,557
47,14,34,30,30,2,558
35,11.5,34,30,30,2,559
52,15.5,34,30,33,2,560
52,15.5,35,28,37,1,561
39,11,35,28,20,1,562
25,12,35,28,20,1,563
25,10.5,35,28,27,1,564
38,13,35,28,30,1,565
31,11.5,35,28,23,1,566
26,9,35,28,17,1,567
35,12.5,35,28,23,1,568
29,12.5,35,28,37,1,569
32,9.5,35,28,30,1,570
34,13,35,28,27,1,571
51,13.5,35,28,40,1,572
47,15,35,28,30,1,573
39,15.5,35,28,33,1,574
39,13,35,28,27,1,575
27,11.5,35,28,43,1,576
45,16,35,28,40,1,577
32,10,35,28,23,1,578
41,10.5,35,28,27,1,579
38,10.5,35,28,28,1,580
40,14,35,28,37,1,581
39,16,35,28,20,1,582
29,9.5,35,28,30,1,583
40,11,35,28,20,1,584
32,10.5,35,28,40,1,585
17,11,35,28,20,1,586
50,15,36,23,20,1,587
38,13.5,36,23,18,1,588
47,14,36,23,20,1,589
41,15,36,23,23,1,590
50,14.5,36,23,20,1,591
38,11.5,36,23,25,1,592
47,13.5,36,23,15,1,593
27,11,36,23,18,1,594
42,13,36,23,20,1,595
27,10.5,36,23,15,1,596
43,12,36,23,23,1,597
43,13.5,36,23,23,1,598
39,12.5,36,23,20,1,599
43,9.5,36,23,18,1,600
53,17,36,23,30,1,601
54,14,36,23,25,1,602
47,14.5,36,23,15,1,603
37,8.5,36,23,20,1,604
40,13.5,36,23,15,1,605
27,10.5,36,23,20,1,606
41,11.5,37,17,18,1,607
34,10,37,17,18,1,608
43,12.5,37,17,38,1,609
37,12.5,37,17,38,1,610
37,11,37,17,18,1,611
42,11.5,37,17,18,1,612
25,9,37,17,20,1,613
33,9,37,17,20,1,614
16,6.5,37,17,17,1,615
34,9.5,37,17,23,1,616
40,12,37,17,33,1,617
30,9.5,37,17,45,1,618
47,13,37,17,20,1,619
36,8.5,37,17,15,1,620
52,16,37,17,33,1,621
28,6.5,37,17,20,1,622
37,8.5,38,23,33,1,623
43,15,38,23,27,1,624
50,15.5,38,23,25,1,625
35,10.5,38,23,38,1,626
37,12,38,23,13,1,627
32,11,38,23,17,1,628
34,10.5,38,23,30,1,629
49,14,38,23,45,1,630
34,12.5,38,23,47,1,631
34,11.5,38,23,33,1,632
39,12,38,23,17,1,633
40,8,38,23,20,1,634
34,11,38,23,17,1,635
51,12.5,38,23,30,1,636
49,10,38,23,20,1,637
39,8.5,38,23,27,1,638
37,12,38,23,27,1,639
45,8,39,17,33,1,640
48,13,39,17,33,1,641
40,9.5,39,17,20,1,642
36,11,39,17,23,1,643
44,13.5,39,17,45,1,644
48,13,39,17,33,1,645
49,14.5,39,17,37,1,646
31,9,39,17,25,1,647
41,13,39,17,43,1,648
42,11,39,17,20,1,649
46,15.5,39,17,37,1,650
28,11.5,39,17,20,1,651
45,12.5,39,17,20,1,652
46,13.5,39,17,30,1,653
26,9,40,28,25,1,654
28,7,40,28,17,1,655
46,9.5,40,28,20,1,656
42,12,40,28,40,1,657
48,12,40,28,40,1,658
41,11.5,40,28,20,1,659
45,10,40,28,43,1,660
45,11,40,28,47,1,661
45,13.5,40,28,20,1,662
50,11.5,40,28,47,1,663
24,7.5,40,28,17,1,664
54,14,40,28,50,1,665
20,7.5,40,28,17,1,666
52,13.5,40,28,50,1,667
44,11,40,28,33,1,668
45,10,40,28,17,1,669
34,9.5,40,28,10,1,670
46,11,40,28,10,1,671
39,12,40,28,15,1,672
51,14,40,28,30,1,673
28,10.5,40,28,17,1,674
42,11.5,41,32,50,1,675
45,13.5,41,32,20,1,676
41,13,41,32,50,1,677
46,11,41,32,30,1,678
48,12.5,41,32,30,1,679
42,14,41,32,30,1,680
28,10.5,41,32,43,1,681
25,7,41,32,30,1,682
46,14.5,41,32,23,1,683
49,15.5,41,32,50,1,684
35,11,41,32,35,1,685
42,12.5,41,32,30,1,686
51,13,41,32,50,1,687
43,10.5,41,32,50,1,688
31,11,41,32,20,1,689
40,9.5,41,32,35,1,690
41,11,41,32,23,1,691
30,11.5,41,32,33,1,692
48,16,41,32,50,1,693
42,10.5,41,32,23,1,694
51,15,41,32,50,1,695
53,15.5,41,32,50,1,696
50,12.5,41,32,40,1,697
41,10.5,41,32,50,1,698
45,11,42,28,35,1,699
24,10,42,28,20,1,700
45,11.5,42,28,30,1,701
36,10.5,42,28,20,1,702
41,8.5,42,28,20,1,703
33,12,42,28,20,1,704
47,13.5,42,28,47,1,705
43,13.5,42,28,30,1,706
51,14,42,28,23,1,707
32,11.5,42,28,25,1,708
22,10,42,28,20,1,709
30,9,42,28,17,1,710
37,8,42,28,23,1,711
41,12.5,42,28,30,1,712
20,9.5,42,28,23,1,713
52,14,42,28,40,1,714
45,12.5,42,28,35,1,715
51,12.5,42,28,30,1,716
49,12,42,28,30,1,717
27,11.5,42,28,25,1,718
42,13,42,28,35,1,719
53,15.5,43,27,35,2,720
52,13.5,43,27,37,2,721
47,12,43,27,37,2,722
47,12.5,43,27,43,2,723
18,7.5,43,27,10,2,724
50,12.5,43,27,20,2,725
39,12.5,43,27,33,2,726
26,9,43,27,33,2,727
27,10,43,27,33,2,728
44,11,43,27,30,2,729
49,13,44,22,40,1,730
35,12,44,22,30,1,731
42,11,44,22,30,1,732
53,11.5,44,22,40,1,733
45,11.5,44,22,50,1,734
50,12,44,22,40,1,735
38,12,44,22,40,1,736
50,13,44,22,40,1,737
44,10.5,44,22,20,1,738
41,13.5,44,22,50,1,739
47,12.5,44,22,30,1,740
45,11,44,22,20,1,741
52,11.5,44,22,40,1,742
48,13,44,22,30,1,743
50,11.5,44,22,50,1,744
40,15,45,25,30,1,745
33,13,45,25,28,1,746
46,12.5,45,25,38,1,747
49,13,45,25,20,1,748
50,17.5,45,25,33,1,749
47,13,45,25,38,1,750
40,7,45,25,20,1,751
51,15.5,45,25,40,1,752
51,14.5,45,25,50,1,753
53,15.5,45,25,38,1,754
42,12.5,45,25,20,1,755
55,16.5,45,25,50,1,756
53,14,45,25,45,1,757
44,13.5,45,25,33,1,758
51,13,45,25,38,1,759
32,10,46,24,20,1,760
36,13.5,46,24,20,1,761
55,15.5,46,24,25,1,762
30,11.5,46,24,20,1,763
39,10.5,46,24,20,1,764
42,10,46,24,20,1,765
34,8,46,24,20,1,766
36,11.5,46,24,20,1,767
31,11,46,24,33,1,768
37,12,46,24,20,1,769
47,13,46,24,30,1,770
30,9,46,24,10,1,771
27,9,46,24,23,1,772
39,12,46,24,35,1,773
35,9.5,46,24,20,1,774
38,10.5,46,24,20,1,775
29,12.5,46,24,40,1,776
46,13,46,24,40,1,777
46,11.5,47,34,17,1,778
43,13,47,34,25,1,779
43,12,47,34,20,1,780
42,13.5,47,34,20,1,781
49,12,47,34,30,1,782
46,12,47,34,15,1,783
49,12.5,47,34,40,1,784
27,12.5,47,34,18,1,785
47,12.5,47,34,33,1,786
36,11.5,47,34,18,1,787
49,13.5,47,34,18,1,788
30,8.5,47,34,25,1,789
39,11.5,47,34,20,1,790
45,12.5,47,34,20,1,791
55,13,47,34,25,1,792
29,9.5,47,34,18,1,793
32,10.5,47,34,25,1,794
48,16,48,22,13,1,795
38,11,48,22,17,1,796
42,12,48,22,15,1,797
31,12,48,22,13,1,798
31,11,48,22,18,1,799
38,16.5,48,22,33,1,800
48,14.5,48,22,15,1,801
44,13,48,22,15,1,802
35,12.5,48,22,13,1,803
31,8.5,48,22,10,1,804
30,9,48,22,10,1,805
46,11,48,22,15,1,806
48,12.5,48,22,40,1,807
28,10,48,22,23,1,808
36,11,48,22,25,1,809
39,13.5,48,22,13,1,810
46,13,48,22,18,1,811
38,10.5,48,22,13,1,812
31,8.5,48,22,18,1,813
33,10.5,48,22,10,1,814
44,12,49,25,23,1,815
46,11,49,25,33,1,816
53,12,49,25,30,1,817
30,10.5,49,25,20,1,818
27,11.5,49,25,10,1,819
40,13,49,25,23,1,820
45,9,49,25,23,1,821
37,9,49,25,13,1,822
50,12,49,25,33,1,823
46,10,49,25,30,1,824
47,12,49,25,30,1,825
54,16,49,25,35,1,826
50,15.5,49,25,33,1,827
50,6,49,25,25,1,828
35,7.5,49,25,23,1,829
30,5.5,49,25,20,1,830
48,10.5,49,25,30,1,831
55,13,49,25,20,1,832
35,9,49,25,35,1,833
38,12,49,25,30,1,834
38,9,49,25,33,1,835
41,10.5,49,25,33,1,836
31,12,49,25,30,1,837
15,10,50,29,15,2,838
21,4,50,29,10,2,839
29,7,50,29,20,2,840
15,6,50,29,10,2,841
25,6,51,23,15,2,842
27,10.5,51,23,30,2,843
25,11,51,23,10,2,844
49,12.5,51,23,43,2,845
29,12,51,23,20,2,846
52,14,51,23,47,2,847
27,9.5,51,23,23,2,848
49,12.5,51,23,37,2,849
42,11.5,51,23,23,2,850
34,8,51,23,30,2,851
51,14.5,52,31,40,2,852
43,11,52,31,47,2,853
42,13,52,31,35,2,854
29,11.5,52,31,27,2,855
39,14.5,52,31,33,2,856
49,15.5,52,31,50,2,857
41,14,52,31,20,2,858
23,12.5,52,31,50,2,859
48,14,52,31,37,2,860
22,11,52,31,43,2,861
19,11,52,31,43,2,862
52,15,52,31,50,2,863
53,17,52,31,50,2,864
37,12.5,52,31,50,2,865
44,14,52,31,20,2,866
34,11.5,52,31,30,2,867
30,11,52,31,37,2,868
41,13,53,15,18,2,869
49,13.5,53,15,28,2,870
53,12,53,15,47,2,871
44,12,53,15,40,2,872
41,10,53,15,33,2,873
37,10.5,53,15,23,2,874
51,14,53,15,28,2,875
14,12.5,53,15,23,2,876
17,10.5,53,15,37,2,877
33,11.5,54,33,13,1,878
43,11,54,33,10,1,879
38,12,54,33,20,1,880
26,10.5,54,33,15,1,881
26,6,54,33,10,1,882
31,11,54,33,18,1,883
30,7,54,33,10,1,884
29,10.5,54,33,23,1,885
36,11.5,54,33,23,1,886
43,13,54,33,10,1,887
40,10.5,54,33,10,1,888
26,8.5,54,33,20,1,889
32,8.5,54,33,10,1,890
38,13.5,54,33,10,1,891
43,14.5,54,33,20,1,892
33,10.5,54,33,20,1,893
26,12,54,33,13,1,894
34,13.5,54,33,15,1,895
17,5.5,54,33,10,1,896
39,15.5,54,33,15,1,897
45,11.5,55,19,47,1,898
47,11.5,55,19,30,1,899
45,13,55,19,35,1,900
46,11.5,55,19,50,1,901
35,13,55,19,50,1,902
47,14,55,19,50,1,903
43,13,55,19,50,1,904
42,13,55,19,50,1,905
39,10.5,55,19,30,1,906
51,11,55,19,50,1,907
44,11,55,19,20,1,908
46,15,55,19,40,1,909
33,10.5,55,19,30,1,910
40,11,55,19,20,1,911
51,13.5,55,19,30,1,912
45,12.5,55,19,20,1,913
49,12.5,55,19,20,1,914
39,11.5,56,22,30,1,915
45,13.5,56,22,28,1,916
30,12.5,56,22,23,1,917
41,15,56,22,20,1,918
46,13,56,22,45,1,919
39,11,56,22,20,1,920
45,13,56,22,20,1,921
48,13,56,22,20,1,922
30,10,56,22,28,1,923
48,14,56,22,27,1,924
44,11.5,56,22,20,1,925
29,10,56,22,10,1,926
55,15.5,56,22,10,1,927
43,12,56,22,20,1,928
45,12,56,22,23,1,929
45,11.5,56,22,40,1,930
42,14,56,22,10,1,931
41,12,56,22,20,1,932
28,12,57,28,25,2,933
26,8,57,28,18,2,934
46,11,57,28,33,2,935
38,11,57,28,23,2,936
37,9.5,57,28,13,2,937
54,13.5,57,28,30,2,938
29,8,57,28,18,2,939
36,10.5,58,31,33,1,940
36,11,58,31,33,1,941
20,10,58,31,30,1,942
46,12,58,31,30,1,943
48,12,58,31,30,1,944
24,11,58,31,27,1,945
26,8.5,58,31,27,1,946
40,11.5,58,31,33,1,947
35,9.5,58,31,27,1,948
55,11,58,31,30,1,949
36,12,58,31,27,1,950
30,11.5,58,31,47,1,951
38,10.5,58,31,30,1,952
39,12.5,58,31,30,1,953
52,12,58,31,27,1,954
36,12,58,31,33,1,955
43,13,58,31,40,1,956
31,9.5,58,31,30,1,957
43,12,58,31,30,1,958
42,14.5,58,31,37,1,959
37,11.5,58,31,37,1,960
47,11.5,58,31,45,1,961
49,12,58,31,40,1,962
31,11,58,31,23,1,963
41,12,58,31,30,1,964
33,9,58,31,33,1,965
42,13.5,58,31,33,1,966
41,12.5,58,31,33,1,967
44,12.5,58,31,23,1,968
41,11,58,31,37,1,969
34,12,59,28,23,2,970
32,11,59,28,28,2,971
46,13.5,59,28,20,2,972
40,12,59,28,20,2,973
38,9.5,59,28,30,2,974
40,12.5,59,28,20,2,975
24,10.5,59,28,10,2,976
39,11.5,59,28,15,2,977
24,10,59,28,20,2,978
37,9.5,59,28,17,2,979
25,11,59,28,20,2,980
28,9,59,28,38,2,981
39,13,59,28,30,2,982
39,11,59,28,20,2,983
33,8,59,28,23,2,984
38,11,59,28,15,2,985
38,12.5,59,28,20,2,986
29,10,59,28,25,2,987
34,10.5,59,28,15,2,988
47,14,60,29,35,2,989
49,13.5,60,29,20,2,990
34,12.5,60,29,33,2,991
39,12.5,60,29,45,2,992
27,10.5,60,29,15,2,993
31,11.5,60,29,18,2,994
40,12,60,29,20,2,995
39,12,60,29,25,2,996
25,10.5,60,29,30,2,997
34,13,61,33,10,2,998
36,10,61,33,25,2,999
52,15,61,33,20,2,1000
48,13,61,33,35,2,1001
31,10.5,61,33,13,2,1002
43,11.5,61,33,23,2,1003
27,13,61,33,20,2,1004
47,14,61,33,23,2,1005
27,10,61,33,20,2,1006
40,11,61,33,33,2,1007
29,7,61,33,18,2,1008
40,11,61,33,33,2,1009
41,16,62,23,20,2,1010
44,13.5,62,23,37,2,1011
47,13.5,62,23,48,2,1012
44,15,62,23,37,2,1013
33,10.5,62,23,37,2,1014
28,12,62,23,20,2,1015
28,13,62,23,28,2,1016
50,14.5,62,23,28,2,1017
51,14,62,23,30,2,1018
40,14,62,23,20,2,1019
38,6.5,63,20,13,2,1020
29,7,63,20,23,2,1021
38,13.5,63,20,20,2,1022
34,12,63,20,40,2,1023
43,12,64,24,27,1,1024
43,12.5,64,24,20,1,1025
46,12,64,24,17,1,1026
34,10,64,24,20,1,1027
52,11.5,64,24,28,1,1028
56,13.5,64,24,30,1,1029
46,10.5,64,24,20,1,1030
47,12.5,64,24,30,1,1031
41,12,64,24,30,1,1032
40,12,64,24,20,1,1033
42,16,64,24,28,1,1034
48,14.5,64,24,17,1,1035
42,12,64,24,37,1,1036
48,12.5,64,24,37,1,1037
44,12.5,64,24,37,1,1038
45,12,64,24,33,1,1039
46,13.5,64,24,45,1,1040
53,13.5,64,24,23,1,1041
40,13,64,24,25,1,1042
46,12,64,24,20,1,1043
42,13.5,65,35,30,1,1044
47,13.5,65,35,30,1,1045
32,9.5,65,35,20,1,1046
52,14.5,65,35,45,1,1047
40,11.5,65,35,30,1,1048
48,13,65,35,30,1,1049
32,10.5,65,35,20,1,1050
53,15,65,35,50,1,1051
37,12,65,35,35,1,1052
36,11.5,65,35,20,1,1053
54,15,65,35,40,1,1054
24,11,65,35,20,1,1055
43,13,65,35,50,1,1056
50,13,65,35,40,1,1057
38,12,65,35,20,1,1058
46,13,65,35,20,1,1059
51,15,65,35,40,1,1060
38,12,65,35,40,1,1061
47,12.5,65,35,40,1,1062
48,13.5,65,35,40,1,1063
28,12.5,65,35,20,1,1064
51,12,65,35,30,1,1065
43,6.5,65,35,10,1,1066
52,14.5,65,35,50,1,1067
43,12.5,65,35,33,1,1068
49,12,65,35,45,1,1069
42,10.5,66,24,10,2,1070
45,12,66,24,13,2,1071
57,14.5,66,24,20,2,1072
52,12,66,24,30,2,1073
50,12.5,66,24,20,2,1074
51,13.5,66,24,28,2,1075
27,6,66,24,10,2,1076
54,14.5,66,24,28,2,1077
44,12.5,66,24,20,2,1078
45,12,66,24,25,2,1079
54,17,66,24,20,2,1080
27,8,66,24,10,2,1081
43,12.5,66,24,15,2,1082
35,12.5,67,22,20,1,1083
45,13,67,22,20,1,1084
37,12,67,22,27,1,1085
46,11,67,22,30,1,1086
53,12.5,67,22,48,1,1087
54,14.5,67,22,40,1,1088
51,12.5,67,22,20,1,1089
36,8.5,67,22,33,1,1090
51,13,67,22,30,1,1091
55,13,67,22,47,1,1092
44,14,67,22,30,1,1093
42,14,67,22,20,1,1094
48,11,67,22,50,1,1095
54,14.5,67,22,50,1,1096
54,14.5,67,22,20,1,1097
42,12,67,22,25,1,1098
55,13,67,22,25,1,1099
49,13,67,22,25,1,1100
48,13.5,67,22,20,1,1101
44,11,67,22,28,1,1102
53,14.5,67,22,40,1,1103
51,15,68,30,40,2,1104
58,13,68,30,13,2,1105
48,11.5,68,30,43,2,1106
51,13.5,68,30,23,2,1107
48,13,68,30,40,2,1108
42,13.5,68,30,23,2,1109
47,14.5,68,30,23,2,1110
53,13,68,30,43,2,1111
49,12,68,30,27,2,1112
47,13.5,68,30,33,2,1113
41,12.5,68,30,20,2,1114
47,12.5,68,30,40,2,1115
54,13.5,68,30,30,2,1116
46,11,68,30,33,2,1117
33,11.5,68,30,30,2,1118
44,12.5,68,30,20,2,1119
49,12.5,69,32,40,2,1120
55,14.5,69,32,40,2,1121
49,10,69,32,18,2,1122
37,12.5,69,32,20,2,1123
46,12,69,32,30,2,1124
30,6,69,32,37,2,1125
33,11,69,32,23,2,1126
51,13.5,69,32,43,2,1127
50,11,69,32,20,2,1128
40,12.5,69,32,30,2,1129
46,13,69,32,37,2,1130
47,10,69,32,38,2,1131
48,12.5,69,32,20,2,1132
56,15,69,32,37,2,1133
25,11,69,32,20,2,1134
52,12,69,32,33,2,1135
47,11.5,69,32,33,2,1136
40,12.5,69,32,30,2,1137
27,9.5,70,20,13,1,1138
41,10.5,70,20,20,1,1139
32,11,70,20,15,1,1140
45,15,70,20,20,1,1141
47,13.5,70,20,20,1,1142
35,11.5,70,20,17,1,1143
44,11.5,70,20,18,1,1144
35,8,70,20,18,1,1145
45,14,70,20,25,1,1146
46,15,70,20,20,1,1147
51,12.5,70,20,43,1,1148
33,11.5,70,20,18,1,1149
29,10.5,70,20,13,1,1150
48,12,70,20,15,1,1151
41,10.5,70,20,37,1,1152
38,8.5,70,20,23,1,1153
44,12,70,20,15,1,1154
27,12.5,70,20,20,1,1155
53,13.5,70,20,17,1,1156
44,13.5,70,20,20,1,1157
42,12,71,25,40,1,1158
50,12,71,25,17,1,1159
48,13.5,71,25,43,1,1160
53,12.5,71,25,17,1,1161
41,12,71,25,30,1,1162
38,14.5,71,25,15,1,1163
41,10.5,71,25,15,1,1164
33,11,71,25,20,1,1165
54,13.5,71,25,33,1,1166
31,10.5,71,25,10,1,1167
50,14,71,25,17,1,1168
40,11.5,71,25,17,1,1169
52,13.5,71,25,23,1,1170
46,10,71,25,20,1,1171
46,12,71,25,20,1,1172
53,14.5,71,25,17,1,1173
36,10.5,71,25,40,1,1174
46,13.5,71,25,20,1,1175
55,11.5,71,25,13,1,1176
51,13,71,25,17,1,1177
42,12.5,71,25,15,1,1178
45,10,71,25,13,1,1179
45,12.5,71,25,10,1,1180
52,11,71,25,50,1,1181
55,13,72,22,30,1,1182
37,11.5,72,22,25,1,1183
46,13.5,72,22,23,1,1184
51,12,72,22,33,1,1185
46,10,72,22,17,1,1186
51,13.5,72,22,20,1,1187
54,13.5,72,22,25,1,1188
51,12,72,22,37,1,1189
53,12.5,72,22,25,1,1190
46,13,72,22,20,1,1191
55,14,72,22,20,1,1192
51,12.5,72,22,25,1,1193
54,12.5,72,22,25,1,1194
55,15,72,22,18,1,1195
37,13.5,72,22,20,1,1196
51,13,72,22,23,1,1197
53,12,72,22,20,1,1198
51,15,72,22,23,1,1199
43,12.5,72,22,23,1,1200
48,12,72,22,20,1,1201
47,11.5,72,22,25,1,1202
46,10.5,72,22,20,1,1203
51,12.5,73,32,25,1,1204
47,13,73,32,23,1,1205
46,11,73,32,43,1,1206
45,11,73,32,20,1,1207
38,11.5,73,32,10,1,1208
41,13,73,32,20,1,1209
43,12,73,32,23,1,1210
44,13.5,73,32,25,1,1211
42,12.5,73,32,23,1,1212
51,17,73,32,28,1,1213
40,11.5,73,32,23,1,1214
54,17,73,32,20,1,1215
50,11.5,73,32,28,1,1216
55,14,73,32,48,1,1217
47,13.5,73,32,35,1,1218
44,12.5,73,32,28,1,1219
42,13,73,32,38,1,1220
56,16.5,73,32,48,1,1221
33,12,73,32,28,1,1222
46,13,73,32,20,1,1223
48,12.5,73,32,15,1,1224
32,12.5,73,32,50,1,1225
43,15,73,32,33,1,1226
45,11.5,73,32,30,1,1227
45,14.5,73,32,50,1,1228
53,13.5,73,32,33,1,1229
50,14.5,73,32,35,1,1230
48,12,73,32,33,1,1231
37,13,73,32,23,1,1232
51,15,74,23,45,1,1233
40,11,74,23,35,1,1234
44,12,74,23,33,1,1235
38,11.5,74,23,43,1,1236
35,9,74,23,33,1,1237
23,9.5,74,23,37,1,1238
46,11.5,74,23,33,1,1239
38,10.5,74,23,43,1,1240
52,9.5,74,23,47,1,1241
45,12,74,23,40,1,1242
34,9,74,23,20,1,1243
46,13.5,74,23,45,1,1244
41,12,74,23,23,1,1245
40,12.5,74,23,33,1,1246
51,15,74,23,43,1,1247
31,11.5,74,23,20,1,1248
47,12,74,23,30,1,1249
44,14,74,23,47,1,1250
47,13.5,74,23,40,1,1251
48,13.5,74,23,20,1,1252
48,13,74,23,45,1,1253
30,11.5,75,30,20,1,1254
40,12,75,30,50,1,1255
50,12,75,30,20,1,1256
54,12.5,75,30,40,1,1257
37,9,75,30,30,1,1258
40,13.5,75,30,40,1,1259
34,11,75,30,40,1,1260
47,11.5,75,30,40,1,1261
33,9.5,75,30,40,1,1262
43,12,75,30,10,1,1263
53,12.5,75,30,40,1,1264
36,10,75,30,20,1,1265
49,12.5,75,30,30,1,1266
54,13,75,30,50,1,1267
45,12,75,30,40,1,1268
41,13.5,75,30,50,1,1269
35,10.5,75,30,20,1,1270
34,10.5,75,30,40,1,1271
30,10.5,75,30,40,1,1272
41,12.5,75,30,50,1,1273
37,9.5,75,30,30,1,1274
46,12.5,75,30,30,1,1275
43,11.5,75,30,30,1,1276
30,12,75,30,20,1,1277
39,11.5,75,30,10,1,1278
40,11,76,24,20,1,1279
25,10,76,24,20,1,1280
38,11,76,24,30,1,1281
34,10,76,24,20,1,1282
37,12.5,76,24,20,1,1283
33,7,76,24,20,1,1284
39,10,76,24,20,1,1285
34,11.5,76,24,20,1,1286
49,12,76,24,47,1,1287
46,13,76,24,23,1,1288
37,9.5,76,24,47,1,1289
37,8.5,76,24,33,1,1290
43,12.5,76,24,20,1,1291
47,12,76,24,20,1,1292
38,10.5,76,24,47,1,1293
28,10,76,24,17,1,1294
42,11.5,76,24,23,1,1295
43,10.5,76,24,23,1,1296
34,7.5,76,24,20,1,1297
31,10,76,24,20,1,1298
51,16,76,24,40,1,1299
38,12,76,24,23,1,1300
34,7.5,76,24,20,1,1301
49,13.5,77,17,30,1,1302
52,15,77,17,50,1,1303
46,11,77,17,40,1,1304
40,12,77,17,30,1,1305
49,14.5,77,17,37,1,1306
40,11.5,77,17,47,1,1307
49,12,77,17,43,1,1308
54,11.5,77,17,40,1,1309
51,13,77,17,30,1,1310
56,13.5,77,17,43,1,1311
54,12.5,77,17,47,1,1312
52,12.5,77,17,47,1,1313
39,12,77,17,30,1,1314
47,10,77,17,43,1,1315
38,11.5,77,17,47,1,1316
52,12,77,17,37,1,1317
48,12.5,77,17,43,1,1318
34,10,78,34,30,1,1319
39,11,78,34,33,1,1320
40,9,78,34,40,1,1321
51,13,78,34,40,1,1322
54,13,78,34,40,1,1323
51,13.5,78,34,30,1,1324
51,13,78,34,25,1,1325
54,13.5,78,34,30,1,1326
49,10,78,34,27,1,1327
42,12,78,34,35,1,1328
55,15,78,34,40,1,1329
42,10.5,78,34,23,1,1330
54,12,78,34,33,1,1331
29,8,78,34,17,1,1332
35,12.5,78,34,50,1,1333
50,14,78,34,50,1,1334
37,12,78,34,30,1,1335
40,11.5,78,34,33,1,1336
52,11,78,34,30,1,1337
52,14,78,34,37,1,1338
41,12,78,34,33,1,1339
51,15,78,34,23,1,1340
45,11.5,78,34,43,1,1341
40,12,78,34,37,1,1342
34,11,78,34,30,1,1343
38,12.5,78,34,40,1,1344
47,10.5,78,34,20,1,1345
34,11,78,34,20,1,1346
23,9,78,34,23,1,1347
34,8.5,78,34,40,1,1348
51,12.5,78,34,40,1,1349
47,10.5,78,34,37,1,1350
50,13,78,34,30,1,1351
47,14,79,39,23,2,1352
38,11,79,39,48,2,1353
49,11.5,79,39,30,2,1354
29,10,79,39,28,2,1355
38,11.5,79,39,28,2,1356
48,14,79,39,23,2,1357
25,12,79,39,20,2,1358
31,7,79,39,10,2,1359
45,12.5,79,39,18,2,1360
31,8,79,39,10,2,1361
40,12,79,39,10,2,1362
47,13.5,79,39,20,2,1363
49,12,80,33,25,1,1364
50,13,80,33,30,1,1365
48,11,80,33,37,1,1366
41,12.5,80,33,20,1,1367
42,10,80,33,35,1,1368
54,12.5,80,33,38,1,1369
42,12,80,33,35,1,1370
32,9.5,80,33,23,1,1371
51,16.5,80,33,20,1,1372
34,10.5,80,33,20,1,1373
38,14,80,33,20,1,1374
32,11,80,33,33,1,1375
21,10.5,80,33,30,1,1376
46,11.5,80,33,23,1,1377
44,12,80,33,10,1,1378
43,11.5,80,33,23,1,1379
46,10,80,33,23,1,1380
57,14,80,33,40,1,1381
44,12,80,33,40,1,1382
50,11,80,33,45,1,1383
43,14,80,33,25,1,1384
39,12.5,80,33,20,1,1385
52,13.5,80,33,30,1,1386
38,13,80,33,30,1,1387
51,12.5,80,33,23,1,1388
43,12.5,80,33,20,1,1389
40,11,80,33,20,1,1390
42,11.5,80,33,20,1,1391
38,11,80,33,30,1,1392
54,15,80,33,33,1,1393
51,17.5,80,33,20,1,1394
50,14.5,81,26,50,1,1395
45,12.5,81,26,45,1,1396
43,12.5,81,26,10,1,1397
51,12,81,26,20,1,1398
44,9.5,81,26,10,1,1399
23,5,81,26,10,1,1400
40,12,81,26,45,1,1401
34,8,81,26,10,1,1402
20,7.5,81,26,10,1,1403
44,12,81,26,50,1,1404
52,15,81,26,35,1,1405
40,12,81,26,35,1,1406
33,9.5,81,26,10,1,1407
47,12,81,26,50,1,1408
52,13,81,26,40,1,1409
50,17.5,81,26,40,1,1410
30,9.5,81,26,50,1,1411
50,12.5,81,26,25,1,1412
44,12.5,81,26,35,1,1413
52,13.5,81,26,37,1,1414
53,11.5,81,26,40,1,1415
42,12,81,26,35,1,1416
54,14.5,81,26,50,1,1417
51,11,82,36,20,1,1418
45,8,82,36,20,1,1419
52,15,82,36,47,1,1420
51,13.5,82,36,37,1,1421
50,14,82,36,20,1,1422
44,11.5,82,36,48,1,1423
28,10.5,82,36,20,1,1424
43,11.5,82,36,17,1,1425
50,11.5,82,36,27,1,1426
41,13.5,82,36,18,1,1427
51,13.5,82,36,37,1,1428
53,11,82,36,17,1,1429
35,11.5,82,36,38,1,1430
50,12,82,36,37,1,1431
41,13,82,36,37,1,1432
55,12,82,36,40,1,1433
37,10.5,82,36,40,1,1434
44,13,82,36,30,1,1435
52,12.5,82,36,43,1,1436
49,15,82,36,43,1,1437
48,13.5,82,36,23,1,1438
52,12.5,82,36,50,1,1439
43,12,82,36,20,1,1440
54,11.5,82,36,23,1,1441
39,11.5,82,36,33,1,1442
24,11.5,82,36,27,1,1443
50,13.5,82,36,30,1,1444
47,8,82,36,30,1,1445
48,13.5,82,36,43,1,1446
40,11,82,36,20,1,1447
58,17,82,36,43,1,1448
48,13.5,83,25,30,1,1449
40,12,83,25,18,1,1450
35,11,83,25,28,1,1451
42,12,83,25,20,1,1452
44,9,83,25,20,1,1453
31,7.5,83,25,18,1,1454
35,11,83,25,18,1,1455
37,12.5,83,25,15,1,1456
40,12,83,25,23,1,1457
50,12.5,83,25,23,1,1458
55,13,83,25,33,1,1459
50,14,83,25,23,1,1460
39,12,83,25,15,1,1461
43,11,83,25,23,1,1462
43,8.5,83,25,20,1,1463
50,12,83,25,25,1,1464
45,13.5,83,25,23,1,1465
53,12,83,25,23,1,1466
40,11.5,83,25,20,1,1467
48,12,83,25,20,1,1468
51,12.5,83,25,23,1,1469
37,11,83,25,18,1,1470
47,11.5,83,25,23,1,1471
54,14,83,25,25,1,1472
26,10.5,84,28,45,1,1473
48,13,84,28,40,1,1474
42,9,84,28,35,1,1475
41,10,84,28,47,1,1476
41,8,84,28,35,1,1477
55,14.5,84,28,20,1,1478
52,13,84,28,50,1,1479
53,11.5,84,28,50,1,1480
47,11.5,84,28,35,1,1481
39,8.5,84,28,35,1,1482
41,9.5,84,28,35,1,1483
42,12.5,84,28,40,1,1484
57,16.5,84,28,40,1,1485
39,12,84,28,50,1,1486
34,10.5,84,28,20,1,1487
39,12,84,28,20,1,1488
37,4,84,28,35,1,1489
40,10.5,84,28,40,1,1490
42,11,84,28,20,1,1491
46,11.5,84,28,40,1,1492
50,13,84,28,40,1,1493
27,10.5,84,28,20,1,1494
49,13,84,28,25,1,1495
43,11.5,84,28,35,1,1496
25,10.5,84,28,40,1,1497
51,12,85,27,18,1,1498
41,11.5,85,27,18,1,1499
37,10,85,27,15,1,1500
34,10.5,85,27,18,1,1501
34,10.5,85,27,15,1,1502
51,11,85,27,15,1,1503
53,13.5,85,27,18,1,1504
57,13.5,85,27,50,1,1505
49,12,85,27,15,1,1506
21,7,85,27,10,1,1507
27,10,85,27,15,1,1508
39,12.5,85,27,47,1,1509
50,14.5,85,27,15,1,1510
38,10,85,27,15,1,1511
42,12,85,27,15,1,1512
54,14.5,85,27,18,1,1513
37,12,85,27,18,1,1514
40,12,85,27,18,1,1515
51,14,85,27,43,1,1516
25,8.5,85,27,13,1,1517
25,9,85,27,18,1,1518
47,11.5,85,27,20,1,1519
25,7.5,85,27,18,1,1520
52,11,85,27,28,1,1521
50,12,85,27,18,1,1522
47,12,85,27,15,1,1523
56,16,86,27,40,2,1524
53,16,86,27,45,2,1525
37,10.5,86,27,30,2,1526
53,13,86,27,30,2,1527
42,11,86,27,23,2,1528
42,12.5,86,27,33,2,1529
45,15,86,27,33,2,1530
54,15.5,86,27,45,2,1531
23,10,86,27,17,2,1532
48,11,86,27,37,2,1533
54,12.5,86,27,50,2,1534
47,12,86,27,23,2,1535
46,12,86,27,50,2,1536
38,14.5,86,27,50,2,1537
26,7,87,24,10,1,1538
53,12.5,87,24,23,1,1539
51,11.5,87,24,20,1,1540
55,14,87,24,30,1,1541
33,11,87,24,25,1,1542
51,11,87,24,43,1,1543
47,12.5,87,24,30,1,1544
52,16,87,24,40,1,1545
37,11,87,24,18,1,1546
51,12.5,87,24,27,1,1547
41,8,87,24,20,1,1548
53,10.5,87,24,28,1,1549
35,11,87,24,18,1,1550
49,11.5,87,24,38,1,1551
43,14.5,87,24,30,1,1552
55,13,87,24,18,1,1553
54,16,87,24,20,1,1554
55,13.5,87,24,25,1,1555
55,13.5,87,24,23,1,1556
55,14.5,87,24,20,1,1557
31,8.5,87,24,28,1,1558
36,8.5,87,24,18,1,1559
57,14.5,87,24,40,1,1560
41,10.5,88,24,33,2,1561
49,11.5,88,24,35,2,1562
42,9.5,88,24,30,2,1563
37,10.5,88,24,18,2,1564
33,12,88,24,33,2,1565
44,11.5,88,24,20,2,1566
43,14,88,24,18,2,1567
39,11.5,88,24,18,2,1568
34,12,88,24,18,2,1569
45,11.5,88,24,15,2,1570
46,13.5,88,24,33,2,1571
34,11,88,24,18,2,1572
46,11.5,88,24,20,2,1573
27,9.5,88,24,17,2,1574
48,12,88,24,20,2,1575
39,13.5,88,24,30,2,1576
44,13,88,24,20,2,1577
34,13,89,10,20,2,1578
45,12,89,10,17,2,1579
29,12,89,10,20,2,1580
19,9.5,89,10,10,2,1581
24,10,89,10,10,2,1582
30,11,89,10,10,2,1583
29,6.5,90,11,10,1,1584
24,6.5,90,11,10,1,1585
41,11.5,90,11,10,1,1586
46,11,90,11,10,1,1587
37,12,90,11,10,1,1588
34,10.5,90,11,10,1,1589
30,8.5,90,11,10,1,1590
35,8.5,90,11,10,1,1591
38,8,90,11,10,1,1592
40,12,91,32,23,1,1593
39,10.5,91,32,43,1,1594
45,11,91,32,25,1,1595
45,12,91,32,20,1,1596
44,11.5,91,32,25,1,1597
46,11,91,32,23,1,1598
48,12,91,32,30,1,1599
47,12.5,91,32,23,1,1600
27,11.5,91,32,25,1,1601
43,12,91,32,50,1,1602
26,11,91,32,15,1,1603
31,9,91,32,18,1,1604
34,12.5,91,32,20,1,1605
32,11.5,91,32,15,1,1606
47,12.5,91,32,33,1,1607
49,11,91,32,37,1,1608
40,14,91,32,37,1,1609
41,13,91,32,43,1,1610
53,13.5,91,32,40,1,1611
52,12,91,32,23,1,1612
47,11.5,91,32,20,1,1613
34,15,91,32,23,1,1614
27,10.5,91,32,20,1,1615
41,10.5,91,32,28,1,1616
41,11.5,91,32,43,1,1617
44,12,91,32,40,1,1618
37,12,91,32,15,1,1619
36,11,91,32,25,1,1620
49,12.5,91,32,33,1,1621
41,10,91,32,18,1,1622
17,6,91,32,10,1,1623
41,11,92,29,10,1,1624
51,18,92,29,23,1,1625
31,14.5,92,29,20,1,1626
41,10,92,29,40,1,1627
37,12,92,29,20,1,1628
48,11,92,29,43,1,1629
47,10.5,92,29,50,1,1630
32,11,92,29,37,1,1631
48,13,92,29,47,1,1632
40,11.5,92,29,43,1,1633
47,12.5,92,29,50,1,1634
54,15.5,92,29,50,1,1635
43,11,92,29,17,1,1636
37,12,92,29,30,1,1637
41,13,92,29,43,1,1638
49,13,92,29,20,1,1639
42,12,92,29,27,1,1640
32,12,92,29,17,1,1641
40,12.5,92,29,37,1,1642
36,13,92,29,25,1,1643
53,14.5,92,29,40,1,1644
23,11.5,92,29,13,1,1645
42,12.5,92,29,33,1,1646
38,11.5,92,29,23,1,1647
43,17,92,29,37,1,1648
51,13,92,29,47,1,1649
41,9.5,92,29,10,1,1650
52,11,92,29,47,1,1651
50,13.5,93,26,17,2,1652
26,8.5,93,26,23,2,1653
36,10.5,93,26,23,2,1654
20,10.5,93,26,23,2,1655
46,11,93,26,40,2,1656
39,10.5,93,26,30,2,1657
34,10.5,93,26,40,2,1658
33,10.5,93,26,18,2,1659
44,11.5,93,26,18,2,1660
42,11.5,93,26,18,2,1661
48,12,93,26,30,2,1662
25,11.5,93,26,18,2,1663
44,14.5,94,29,15,1,1664
48,10.5,94,29,17,1,1665
46,12,94,29,40,1,1666
49,15,94,29,27,1,1667
43,7,94,29,20,1,1668
39,13,94,29,20,1,1669
35,9,94,29,20,1,1670
31,9,94,29,15,1,1671
40,11,94,29,10,1,1672
53,12.5,94,29,20,1,1673
44,13,94,29,30,1,1674
52,13,94,29,40,1,1675
33,11,94,29,30,1,1676
49,12,94,29,48,1,1677
40,11,94,29,35,1,1678
48,15,94,29,33,1,1679
17,7,94,29,15,1,1680
29,9.5,95,14,35,2,1681
44,12.5,95,14,30,2,1682
29,10,95,14,33,2,1683
24,10.5,95,14,15,2,1684
41,10,95,14,35,2,1685
36,10,95,14,15,2,1686
30,11,95,14,18,2,1687
34,12.5,95,14,18,2,1688
50,12.5,96,31,27,2,1689
52,10.5,96,31,35,2,1690
51,15,96,31,20,2,1691
44,11.5,96,31,30,2,1692
55,15,96,31,45,2,1693
50,14,96,31,27,2,1694
44,11,96,31,23,2,1695
49,12.5,96,31,15,2,1696
54,14,96,31,20,2,1697
32,11.5,96,31,18,2,1698
52,13,96,31,20,2,1699
48,11.5,96,31,20,2,1700
37,10.5,97,31,37,2,1701
45,13.5,97,31,47,2,1702
23,11,97,31,17,2,1703
49,15.5,97,31,15,2,1704
56,15.5,97,31,35,2,1705
43,13,97,31,20,2,1706
44,11.5,97,31,40,2,1707
45,11,97,31,15,2,1708
33,10,97,31,35,2,1709
30,11,97,31,15,2,1710
38,12,97,31,15,2,1711
35,10.5,97,31,15,2,1712
43,12,97,31,15,2,1713
38,13,97,31,15,2,1714
37,12.5,97,31,18,2,1715
34,11.5,97,31,25,2,1716
44,10,97,31,20,2,1717
42,11,97,31,18,2,1718
46,12,97,31,18,2,1719
47,13,97,31,18,2,1720
40,10.5,98,27,23,1,1721
42,13,98,27,23,1,1722
45,15,98,27,23,1,1723
35,12.5,98,27,20,1,1724
39,12,98,27,23,1,1725
46,12,98,27,23,1,1726
46,12.5,98,27,25,1,1727
49,12,98,27,27,1,1728
32,11,98,27,20,1,1729
40,12,98,27,23,1,1730
43,10.5,98,27,45,1,1731
50,16,98,27,40,1,1732
55,15,98,27,30,1,1733
47,7.5,98,27,40,1,1734
36,13,98,27,20,1,1735
44,11.5,98,27,37,1,1736
50,15.5,98,27,23,1,1737
40,12,98,27,28,1,1738
50,12.5,98,27,30,1,1739
52,13.5,98,27,47,1,1740
55,15.5,98,27,50,1,1741
30,9.5,98,27,23,1,1742
26,7.5,98,27,18,1,1743
45,14,98,27,23,1,1744
35,10.5,98,27,18,1,1745
37,10.5,98,27,40,1,1746
45,12.5,98,27,40,1,1747
43,14,99,35,27,2,1748
50,13.5,99,35,23,2,1749
46,12.5,99,35,30,2,1750
50,15,99,35,27,2,1751
53,13.5,99,35,30,2,1752
53,14.5,99,35,30,2,1753
37,10.5,99,35,23,2,1754
46,12,99,35,27,2,1755
45,11.5,99,35,33,2,1756
51,15.5,99,35,30,2,1757
37,11.5,99,35,27,2,1758
49,14.5,99,35,23,2,1759
46,15,99,35,23,2,1760
37,13,99,35,20,2,1761
37,12,99,35,20,2,1762
23,13,99,35,23,2,1763
47,13.5,99,35,30,2,1764
49,12.5,99,35,30,2,1765
51,18,99,35,40,2,1766
56,16.5,99,35,27,2,1767
30,11.5,100,22,23,2,1768
28,11,100,22,10,2,1769
45,13.5,100,22,30,2,1770
31,9.5,100,22,17,2,1771
29,8.5,100,22,10,2,1772
49,14,100,22,25,2,1773
43,10.5,100,22,25,2,1774
49,14.5,101,37,40,1,1775
40,12.5,101,37,40,1,1776
39,13,101,37,45,1,1777
33,13,101,37,17,1,1778
30,13.5,101,37,40,1,1779
31,10.5,101,37,20,1,1780
37,9,101,37,30,1,1781
53,14,101,37,27,1,1782
42,15,101,37,20,1,1783
31,11.5,101,37,20,1,1784
35,10,101,37,20,1,1785
22,9,101,37,20,1,1786
28,9.5,101,37,10,1,1787
33,8.5,101,37,10,1,1788
21,10,101,37,10,1,1789
24,8,101,37,23,1,1790
22,7,101,37,10,1,1791
46,11.5,101,37,15,1,1792
25,11,101,37,10,1,1793
27,8.5,101,37,10,1,1794
43,13.5,101,37,15,1,1795
36,11,101,37,15,1,1796
26,10,101,37,10,1,1797
46,12.5,101,37,10,1,1798
46,12,101,37,10,1,1799
44,14.5,101,37,10,1,1800
32,10.5,101,37,15,1,1801
35,13.5,101,37,20,1,1802
26,9,101,37,10,1,1803
34,12,101,37,10,1,1804
45,12,102,26,40,1,1805
47,13,102,26,40,1,1806
45,12.5,102,26,20,1,1807
32,10,102,26,38,1,1808
32,11,102,26,50,1,1809
47,13,102,26,30,1,1810
28,10,102,26,40,1,1811
46,14,102,26,45,1,1812
37,13,102,26,37,1,1813
40,12.5,102,26,43,1,1814
42,13.5,102,26,40,1,1815
53,9.5,102,26,43,1,1816
22,11,102,26,37,1,1817
21,8.5,102,26,20,1,1818
37,10.5,102,26,37,1,1819
42,11,102,26,38,1,1820
42,8.5,102,26,47,1,1821
35,8.5,102,26,37,1,1822
51,12.5,102,26,40,1,1823
46,10.5,102,26,37,1,1824
31,10.5,102,26,37,1,1825
40,10,102,26,27,1,1826
52,11,102,26,33,1,1827
47,14,102,26,47,1,1828
39,12.5,103,11,18,1,1829
39,12,103,11,20,1,1830
52,14,103,11,35,1,1831
48,12,103,11,23,1,1832
40,13,103,11,18,1,1833
47,12.5,103,11,28,1,1834
45,11.5,103,11,20,1,1835
56,14.5,103,11,25,1,1836
51,13.5,103,11,20,1,1837
47,12.5,103,11,20,1,1838
38,12.5,103,11,18,1,1839
36,11,104,27,30,1,1840
26,10.5,104,27,10,1,1841
37,11,104,27,17,1,1842
48,12,104,27,10,1,1843
33,10.5,104,27,13,1,1844
43,11.5,104,27,27,1,1845
52,14.5,104,27,13,1,1846
42,13,104,27,20,1,1847
53,13,104,27,17,1,1848
47,11,104,27,20,1,1849
55,15,104,27,23,1,1850
39,9.5,104,27,10,1,1851
33,13,104,27,20,1,1852
46,12.5,104,27,43,1,1853
45,12.5,104,27,50,1,1854
49,11,104,27,10,1,1855
48,12.5,104,27,23,1,1856
47,12.5,104,27,33,1,1857
40,13,104,27,20,1,1858
39,13.5,104,27,47,1,1859
47,11.5,104,27,10,1,1860
41,11.5,104,27,10,1,1861
41,11.5,104,27,10,1,1862
45,13.5,105,17,35,1,1863
40,11.5,105,17,40,1,1864
55,12.5,105,17,35,1,1865
50,15.5,105,17,43,1,1866
53,12,105,17,48,1,1867
52,15.5,105,17,48,1,1868
29,9,105,17,30,1,1869
46,13.5,105,17,35,1,1870
27,12,105,17,40,1,1871
33,13,105,17,30,1,1872
31,12,105,17,43,1,1873
47,13.5,105,17,38,1,1874
56,14.5,105,17,35,1,1875
28,9,105,17,28,1,1876
44,14.5,105,17,35,1,1877
40,14.5,105,17,30,1,1878
34,9,106,25,25,1,1879
32,12.5,106,25,18,1,1880
28,8.5,106,25,20,1,1881
49,13,106,25,33,1,1882
42,13,106,25,18,1,1883
50,11,106,25,23,1,1884
46,13,106,25,15,1,1885
51,15,106,25,23,1,1886
42,12.5,106,25,18,1,1887
42,14.5,106,25,18,1,1888
40,8.5,106,25,18,1,1889
46,16.5,106,25,27,1,1890
35,10,106,25,18,1,1891
42,14,106,25,17,1,1892
52,13.5,106,25,15,1,1893
47,11.5,106,25,25,1,1894
47,11.5,106,25,23,1,1895
33,5.5,106,25,18,1,1896
43,12.5,106,25,25,1,1897
46,13,106,25,17,1,1898
49,13.5,106,25,18,1,1899
26,11,106,25,18,1,1900
